id,type,chromosome,start,end,mutation
MU866,single base substitution,2,209113112,209113112,C>T
MU588573,single base substitution,7,55221822,55221822,C>T
MU589341,single base substitution,7,55233043,55233043,G>T
MU590942,single base substitution,7,55221821,55221821,G>A
MU30748,single base substitution,17,7577538,7577538,C>T
MU7870,single base substitution,17,7578406,7578406,C>T
MU601968,single base substitution,7,55220274,55220274,C>T
MU17943,single base substitution,17,7577539,7577539,G>A
MU589331,single base substitution,10,89717672,89717672,C>T
MU590556,single base substitution,5,67589138,67589138,G>A
MU256,single base substitution,17,7577094,7577094,G>A
MU592725,single base substitution,7,55249022,55249022,G>A
MU49472,single base substitution,17,39296555,39296555,C>T
MU62030,single base substitution,7,140453136,140453136,A>T
MU594300,single base substitution,7,55221822,55221822,C>A
MU5286,single base substitution,17,7577121,7577121,G>A
MU605678,single base substitution,7,6628405,6628405,G>A
MU590298,single base substitution,7,55211080,55211080,G>A
MU4807,single base substitution,17,7578190,7578190,T>C
MU588799,single base substitution,10,89692904,89692904,C>T
MU607040,single base substitution,10,89692911,89692911,G>A
MU595421,single base substitution,2,201478598,201478598,C>T
MU24637,single base substitution,17,7577120,7577120,C>T
MU129112314,insertion of <=200bp,6,43227329,43227329,->C
MU11997,single base substitution,17,39673185,39673185,C>T
MU588975,single base substitution,13,48953730,48953730,C>T
MU144178,single base substitution,17,7578457,7578457,C>T
MU597696,single base substitution,2,113940279,113940279,C>T
MU594999,single base substitution,15,41146113,41146113,C>T
MU129088916,single base substitution,7,136912652,136912652,A>T
MU590741,single base substitution,17,29497003,29497003,C>T
MU10839,single base substitution,20,31022345,31022345,C>T
MU129117761,single base substitution,4,74442010,74442010,G>A
MU602357,single base substitution,7,55210077,55210077,G>A
MU590667,single base substitution,15,42193062,42193062,G>A
MU6581,single base substitution,17,7578263,7578263,G>A
MU593410,single base substitution,20,51870661,51870661,G>A
MU593415,single base substitution,21,47355174,47355174,C>T
MU596199,single base substitution,13,20039688,20039688,G>A
MU129135905,single base substitution,7,93113265,93113265,G>A
MU606408,single base substitution,11,60150731,60150731,C>T
MU600850,single base substitution,11,104899923,104899923,C>A
MU25838,single base substitution,17,7577548,7577548,C>T
MU590964,single base substitution,7,55223543,55223543,C>T
MU588473,single base substitution,14,19553823,19553823,G>A
MU117000,single base substitution,17,7577114,7577114,C>T
MU12153,single base substitution,17,7578203,7578203,C>T
MU5219,single base substitution,3,178936091,178936091,G>A
MU598848,single base substitution,4,188924752,188924752,C>T
MU129089385,single base substitution,5,1034387,1034387,G>A
MU592585,single base substitution,10,89720852,89720852,C>T
MU129095513,single base substitution,5,150905422,150905422,G>A
MU138474,single base substitution,11,26681884,26681884,C>T
MU593816,single base substitution,7,55221743,55221743,A>C
MU592462,single base substitution,3,12858462,12858462,C>T
MU29098,single base substitution,10,89692905,89692905,G>A
MU590352,single base substitution,1,158627401,158627401,G>A
MU12117,single base substitution,17,7578394,7578394,T>C
MU10833,single base substitution,17,7578555,7578555,C>T
MU50700430,single base substitution,1,22915717,22915717,G>A
MU591295,single base substitution,7,55221710,55221710,C>T
MU594668,single base substitution,7,55240690,55240690,C>G
MU33642,single base substitution,2,179463526,179463526,C>T
MU26668,single base substitution,17,7577568,7577568,C>A
MU592779,single base substitution,2,174231123,174231123,G>A
MU596438,single base substitution,11,124294255,124294255,G>A
MU594241,single base substitution,6,10995345,10995345,C>T
MU600189,single base substitution,12,3389625,3389625,C>T
MU590182,single base substitution,1,12726313,12726313,G>A
MU2245078,single base substitution,20,44571848,44571848,C>T
MU588708,single base substitution,7,55241677,55241677,G>A
MU605413,single base substitution,6,7565623,7565623,G>A
MU604813,single base substitution,6,32974898,32974898,G>A
MU604683,single base substitution,19,51466671,51466671,C>T
MU603669,single base substitution,19,4168400,4168400,C>T
MU116981,single base substitution,3,111766712,111766712,G>A
MU129065797,single base substitution,17,79804488,79804488,G>A
MU5615,single base substitution,3,178916876,178916876,G>A
MU600263,single base substitution,6,76751736,76751736,G>A
MU595016,single base substitution,15,42364081,42364081,G>A
MU599417,single base substitution,12,117710315,117710315,C>T
MU594918,single base substitution,X,153588445,153588445,C>T
MU5309976,single base substitution,16,88688687,88688687,C>T
MU129060484,single base substitution,1,117142789,117142789,G>A
MU603084,single base substitution,10,27702997,27702997,C>T
MU589798,single base substitution,1,228520994,228520994,C>T
MU129119459,single base substitution,9,40716214,40716214,G>A
MU74633761,single base substitution,1,248685148,248685148,G>A
MU588607,single base substitution,16,23226531,23226531,G>A
MU91691082,single base substitution,14,106725451,106725451,C>A
MU599553,single base substitution,7,35130052,35130052,C>T
MU593391,single base substitution,7,139790907,139790907,C>T
MU129066298,insertion of <=200bp,2,27301937,27301937,->C
MU596181,single base substitution,16,1507256,1507256,T>C
MU595127,single base substitution,5,140188686,140188686,C>T
MU589443,single base substitution,1,169698774,169698774,G>A
MU602857,single base substitution,10,89690805,89690805,G>A
MU593200,single base substitution,5,55204208,55204208,C>A
MU606050,single base substitution,11,1025025,1025025,G>A
MU599178,single base substitution,4,70079956,70079956,G>A
